conf_i,ext_i,ext_p,type
73,56,37498.08203125,1
77,76,36624.859375,-1
84,81,36866.1328125,1
86,85,35756.5546875,-1
115,106,37551.703125,1
117,116,37282.87890625,-1
124,119,37462.75,1
126,125,36968.77734375,-1
194,154,37819.796875,1
201,198,37220.72265625,-1
208,203,37616.91796875,1
222,221,36756.55859375,-1
234,229,37197.01171875,1
236,235,36915.98828125,-1
268,262,38147.8046875,1
276,274,37660.08984375,-1
286,281,37975.8125,1
288,286,37670.1484375,-1
405,395,41864.7265625,1
407,405,41518.875,-1
454,434,43986.21484375,1
457,456,43144.17578125,-1
477,461,43519.484375,1
480,479,43151.48828125,-1
502,491,44300.2421875,1
506,505,43831.25,-1
527,509,43981.71484375,1
529,527,43625.54296875,-1
543,532,43841.3671875,1
545,544,41973.96875,-1
555,551,42352.20703125,1
562,561,40741.78515625,-1
580,574,41835.37109375,1
584,583,40667.5625,-1
592,589,41299.0078125,1
595,593,40815.9921875,-1
627,625,43083.65625,1
630,629,42468.77734375,-1
643,636,42977.0,1
645,644,42570.25,-1
651,646,42822.63671875,1
655,654,41801.40625,-1
686,678,42461.85546875,1
701,700,41600.08203125,-1
708,705,42056.93359375,1
713,712,40876.4453125,-1
748,735,43024.25390625,1
749,748,42369.578125,-1
778,775,43958.1875,1
779,778,43441.5,-1
798,794,43976.2578125,1
800,799,43444.0234375,-1
813,810,44124.8125,1
823,822,43565.7109375,-1
832,829,43852.3828125,1
841,834,43534.58984375,-1
859,856,43827.5546875,1
866,859,43509.5859375,-1
876,867,43734.29296875,1
880,878,42939.5,-1
907,892,43628.44921875,1
912,911,42395.44140625,-1
917,914,42647.9296875,1
920,919,41996.14453125,-1
955,950,43510.453125,1
959,958,42955.109375,-1
963,959,43063.9609375,1
968,965,42450.19140625,-1
989,987,42809.34765625,1
992,991,41824.21484375,-1
1006,998,42100.1015625,1
1008,1006,41605.88671875,-1
1024,1013,42380.515625,1
1025,1024,42081.79296875,-1
1044,1031,42624.0859375,1
1046,1045,42280.234375,-1
1084,1078,45672.62109375,1
1088,1087,45004.8515625,-1
1105,1095,45252.98828125,1
1109,1108,42240.49609375,-1
1143,1139,44243.765625,1
1144,1143,43427.5390625,-1
1157,1150,43944.03515625,1
1159,1158,43273.52734375,-1
1171,1164,44044.7421875,1
1173,1172,43507.01171875,-1
1206,1203,44332.01953125,1
1207,1206,43966.13671875,-1
1214,1209,44169.0078125,1
1217,1216,43388.3515625,-1
1248,1235,46890.94921875,1
1249,1248,46463.0625,-1
1259,1253,46796.13671875,1
1260,1259,45430.2109375,-1
1270,1265,45984.8359375,1
1271,1270,45392.0,-1
1274,1271,45586.62890625,1
1275,1274,44707.5546875,-1
1291,1287,46508.0078125,1
1293,1292,45916.1171875,-1
1301,1299,47328.09765625,1
1303,1302,45989.75390625,-1
1313,1304,46320.8671875,1
1315,1314,45954.98828125,-1
1323,1315,46119.6640625,1
1327,1326,43555.76953125,-1
1332,1329,43398.765625,1
1333,1332,42484.0703125,-1
1344,1341,43083.1328125,1
1347,1345,42605.5390625,-1
1378,1365,42905.34375,1
1382,1381,41715.06640625,-1
1404,1401,42834.359375,1
1408,1405,42499.3359375,-1
1433,1427,43224.27734375,1
1447,1446,42320.59375,-1
1464,1460,42758.55859375,1
1467,1466,42389.40234375,-1
1470,1468,42602.703125,1
1475,1474,40780.03125,-1
1492,1488,41357.8515625,1
1495,1494,40360.8203125,-1
1551,1539,41751.6875,1
1555,1554,40761.76953125,-1
1564,1555,40991.54296875,1
1567,1566,40471.51953125,-1
1572,1567,40138.83984375,1
1574,1573,39518.71484375,-1
1581,1578,40020.98046875,1
1586,1585,38802.8515625,-1
1616,1608,40112.48828125,1
1617,1616,39742.14453125,-1
1637,1632,40075.53515625,1
1639,1638,39682.3359375,-1
1676,1664,41954.46484375,1
1679,1678,41472.2109375,-1
1711,1703,42510.859375,1
1714,1713,41790.0078125,-1
1765,1761,43511.48828125,1
1770,1767,42776.56640625,-1
1776,1772,42931.625,1
1777,1776,42391.32421875,-1
1786,1783,43476.14453125,1
1795,1791,41951.44140625,-1
1827,1814,43106.7734375,1
1828,1827,42661.96484375,-1
1866,1838,43174.96875,1
1870,1868,42741.36328125,-1
1884,1873,42999.98046875,1
1888,1886,42356.0390625,-1
1901,1898,43205.87890625,1
1904,1901,42593.7421875,-1
1937,1925,43146.98828125,1
1938,1937,42781.453125,-1
2005,2001,47533.58203125,1
2007,2006,47102.61328125,-1
2059,2054,48399.3671875,1
2060,2059,48099.74609375,-1
2064,2060,48158.10546875,1
2067,2064,47884.171875,-1
2091,2086,50032.52734375,1
2095,2094,48497.3046875,-1
2146,2136,52276.16015625,1
2148,2147,51371.62890625,-1
2164,2160,52215.70703125,1
2172,2169,51765.13671875,-1
2183,2173,52034.51953125,1
2190,2188,50852.0703125,-1
2240,2228,52327.34765625,1
2243,2242,51807.94921875,-1
2261,2258,52152.48828125,1
2264,2263,51316.17578125,-1
2275,2268,52185.3828125,1
2280,2279,51069.21484375,-1
2307,2302,51692.31640625,1
2308,2307,51131.72265625,-1
2320,2314,51543.52734375,1
2327,2325,50901.3125,-1
2340,2328,51146.4609375,1
2345,2343,50588.65625,-1
2397,2372,51684.58203125,1
2401,2399,50948.03515625,-1
2458,2453,60986.41796875,1
2459,2458,60316.87890625,-1
2478,2475,62813.8984375,1
2481,2480,60792.14453125,-1
2487,2481,61585.96875,1
2489,2488,60988.93359375,-1
2501,2498,62243.31640625,1
2502,2501,61268.55078125,-1
2518,2508,62415.45703125,1
2528,2527,61833.94921875,-1
2586,2582,68109.140625,1
2588,2587,66980.6796875,-1
2597,2594,67365.3671875,1
2602,2601,61442.9375,-1
2628,2622,66807.1875,1
2630,2628,65975.3984375,-1
2653,2649,67589.28125,1
2654,2653,66931.3984375,-1
2675,2673,68970.8515625,1
2680,2679,68084.9296875,-1
2723,2711,69753.734375,1
2725,2724,68520.3515625,-1
2753,2747,72440.640625,1
2754,2753,71626.125,-1
2766,2756,72058.6328125,1
2767,2766,70503.9765625,-1
2811,2805,73249.78125,1
2814,2813,70835.78125,-1
2816,2814,70727.484375,1
2818,2817,69559.625,-1
2824,2822,71568.6484375,1
2828,2827,67384.59375,-1
2832,2828,68142.2265625,1
2833,2832,67262.65625,-1
2842,2840,68655.9921875,1
2843,2842,67918.5859375,-1
2850,2845,69498.3203125,1
2852,2851,68967.90625,-1
2856,2852,69144.0390625,1
2860,2859,67700.71875,-1
2863,2861,68125.8125,1
2870,2869,65258.34765625,-1
2876,2873,66269.4609375,1
2877,2876,65015.3046875,-1
2894,2889,68251.5078125,1
2895,2894,67248.9296875,-1
2907,2899,68392.671875,1
2909,2908,66956.4296875,-1
2918,2916,67656.3828125,1
2927,2926,63446.58984375,-1
2938,2934,64662.31640625,1
2942,2941,61930.3515625,-1
2946,2943,62234.13671875,1
2948,2947,61534.20703125,-1
2969,2966,67682.3671875,1
2970,2969,66670.8046875,-1
2983,2977,67057.1953125,1
2985,2984,65121.7421875,-1
2999,2995,66326.125,1
3005,3004,62725.21484375,-1
3033,3030,65497.625,1
3038,3037,64027.41796875,-1
3085,3081,70735.359375,1
3087,3086,69905.375,-1
3100,3095,70906.3828125,1
3103,3102,69745.453125,-1
3117,3112,70351.6953125,1
3119,3118,69552.3828125,-1
3125,3120,70033.2265625,1
3126,3125,68857.6484375,-1
3161,3148,71015.8984375,1
3168,3167,69747.4921875,-1
3173,3171,70118.21875,1
3175,3173,69179.6171875,-1
3204,3193,70153.4453125,1
3206,3205,69647.7421875,-1
3234,3228,70956.5703125,1
3236,3235,69220.796875,-1
3244,3242,69695.21875,1
3246,3245,68245.3203125,-1
3256,3252,69702.5546875,1
3259,3258,66664.0390625,-1
3263,3259,66793.2734375,1
3268,3267,65226.03515625,-1
3290,3286,66383.390625,1
3292,3291,65821.875,-1
3305,3302,66060.21875,1
3308,3306,65494.2109375,-1
3322,3319,68634.4453125,1
3324,3323,67797.1484375,-1
3330,3325,68196.8984375,1
3338,3337,66474.9765625,-1
3395,3390,69687.4921875,1
3396,3395,69042.2890625,-1
3414,3408,72207.6875,1
3430,3429,70412.453125,-1
3436,3433,70688.453125,1
3439,3438,68583.140625,-1
3458,3452,69317.5390625,1
3459,3458,67953.5703125,-1
3483,3472,70797.359375,1
3485,3484,69646.3828125,-1
3506,3498,70927.015625,1
3513,3512,66524.0546875,-1
3537,3530,67486.421875,1
3539,3538,61896.34765625,-1
3544,3540,63988.14453125,1
3545,3544,63125.7109375,-1
3562,3549,64423.6953125,1
3564,3563,63728.06640625,-1
3579,3575,66498.15625,1
3581,3580,64295.609375,-1
3584,3581,64006.5625,1
3585,3584,63191.41015625,-1
3594,3588,63241.59375,1
3595,3594,62503.6875,-1
3604,3598,63231.7734375,1
3606,3605,61834.85546875,-1
3622,3618,63896.00390625,1
3627,3626,62350.70703125,-1
3643,3640,61671.671875,1
3645,3643,61071.62890625,-1
3662,3652,63512.69921875,1
3664,3663,61043.54296875,-1
3677,3673,64878.0390625,1
3679,3678,64021.203125,-1
3686,3679,64193.6328125,1
3687,3686,63503.0546875,-1
3729,3712,65165.02734375,1
3730,3729,64572.1484375,-1
3764,3758,66836.7890625,1
3770,3769,66072.3359375,-1
3795,3782,66702.4765625,1
3798,3797,64589.8828125,-1
3801,3798,64739.0390625,1
3802,3801,63955.48046875,-1
3818,3805,64201.07421875,1
3819,3818,63398.41796875,-1
3833,3826,64735.90234375,1
3835,3834,64209.08203125,-1
3844,3838,64370.890625,1
3846,3845,63477.42578125,-1
3854,3847,63942.91796875,1
3856,3855,62581.515625,-1
3900,3880,63916.1796875,1
3910,3908,62190.71484375,-1
3930,3926,63814.66796875,1
3940,3939,60816.6875,-1
3945,3940,60584.40234375,1
3946,3945,59163.2421875,-1
3955,3948,60358.28515625,1
3959,3958,57052.7578125,-1
3965,3961,57696.2734375,1
3966,3965,56811.08984375,-1
3978,3971,57807.7109375,1
3979,3978,57327.97265625,-1
4047,4041,63888.73828125,1
4052,4048,63181.63671875,-1
4065,4061,64234.35546875,1
4068,4066,63746.8203125,-1
4080,4078,65143.22265625,1
4083,4082,63583.33984375,-1
4105,4102,64117.78125,1
4108,4107,63204.546875,-1
4112,4108,63682.46484375,1
4118,4117,62322.08203125,-1
4137,4120,62630.109375,1
4142,4141,61162.90625,-1
4152,4147,61517.15625,1
4153,4152,60796.2734375,-1
4180,4172,63000.7734375,1
4184,4183,60372.35546875,-1
4240,4237,61449.83203125,1
4244,4243,60843.328125,-1
4263,4257,63024.83203125,1
4273,4272,61678.07421875,-1
4326,4319,66154.7578125,1
4328,4327,65029.8515625,-1
4398,4368,67148.75,1
4403,4401,66040.375,-1
4444,4432,71141.2578125,1
4450,4449,69286.0,-1
4471,4469,70224.8046875,1
4477,4476,69105.5546875,-1
4491,4486,69584.2734375,1
4498,4497,67112.03125,-1
4508,4504,67826.6953125,1
4510,4508,66909.765625,-1
4567,4550,69151.4375,1
4574,4573,68476.765625,-1
4579,4575,69007.6875,1
4581,4580,68369.5546875,-1
4593,4589,70098.5234375,1
4594,4593,69200.9296875,-1
4599,4594,69545.40625,1
4606,4605,67645.515625,-1
4615,4608,68245.3515625,1
4616,4615,67693.40625,-1
4629,4625,68704.8984375,1
4634,4633,67689.4375,-1
4665,4663,69110.71875,1
4671,4668,68292.015625,-1
4683,4672,68473.0234375,1
4688,4686,67140.296875,-1
4762,4754,69548.609375,1
4766,4765,68797.9375,-1
4833,4805,71323.0390625,1
4835,4833,70458.34375,-1
4854,4848,71290.3359375,1
4859,4856,69096.6328125,-1
4935,4926,69771.34375,1
4946,4945,66815.421875,-1
4976,4972,69598.6015625,1
4978,4977,67568.1328125,-1
4984,4979,68264.28125,1
4988,4986,67338.625,-1
4997,4992,67673.8671875,1
4998,4997,66444.0703125,-1
5021,5017,66960.015625,1
5024,5022,65247.0859375,-1
5085,5076,66600.546875,1
5092,5091,65150.80078125,-1
5102,5096,66565.03125,1
5104,5103,65125.61328125,-1
5114,5109,65599.765625,1
5122,5121,64390.48828125,-1
5140,5131,65420.26953125,1
5142,5141,64889.03125,-1
5163,5160,66099.9453125,1
5167,5165,64788.8046875,-1
5177,5170,64996.5234375,1
5183,5182,63608.32421875,-1
5242,5224,64411.28515625,1
5253,5251,62306.53515625,-1
5255,5253,62329.58984375,1
5259,5258,61138.37109375,-1
5262,5259,61087.12109375,1
5267,5266,59492.640625,-1
5299,5295,62014.109375,1
5306,5304,61288.60546875,-1
5311,5307,61577.44921875,1
5320,5317,60811.2265625,-1
5356,5335,61686.86328125,1
5363,5361,59985.40234375,-1
5422,5416,63296.0390625,1
5426,5425,62605.10546875,-1
5435,5431,63435.984375,1
5440,5437,62844.41015625,-1
5445,5441,63012.828125,1
5449,5445,62548.27734375,-1
5452,5449,62639.1953125,1
5455,5454,61845.1953125,-1
5463,5455,62059.30078125,1
5475,5474,59944.66015625,-1
5481,5475,60201.87109375,1
5483,5482,59540.59375,-1
5487,5484,60177.8515625,1
5488,5487,58544.546875,-1
5493,5488,58841.1875,1
5496,5494,57630.78515625,-1
5509,5506,58287.94921875,1
5510,5509,57022.80859375,-1
5512,5510,56840.44140625,1
5515,5514,53905.5625,-1
5562,5559,58124.36328125,1
5566,5565,57366.6953125,-1
5571,5566,57568.01171875,1
5573,5572,56727.07421875,-1
5579,5575,57133.91015625,1
5584,5583,54946.7578125,-1
5596,5590,57378.43359375,1
5598,5597,55760.28125,-1
5641,5635,58885.3515625,1
5651,5650,57378.46484375,-1
5668,5665,58538.4375,1
5670,5669,57404.1171875,-1
5676,5671,57717.74609375,1
5680,5679,56946.65625,-1
5697,5695,58111.71875,1
5700,5698,57571.42578125,-1
5738,5734,60162.0078125,1
5739,5738,59622.42578125,-1
5779,5776,64678.17578125,1
5783,5782,62808.01171875,-1
5808,5802,65663.140625,1
5810,5809,64723.17578125,-1
5814,5811,64765.5546875,1
5816,5814,64278.57421875,-1
5836,5830,64799.66015625,1
5838,5837,63540.2109375,-1
5880,5865,66947.3515625,1
5885,5881,66525.7890625,-1
5900,5895,67310.75,1
5903,5901,66720.5390625,-1
5924,5917,68050.9765625,1
5927,5926,67092.6875,-1
5942,5937,67866.5625,1
5949,5947,66444.84375,-1
5958,5951,66866.4140625,1
5962,5961,65567.578125,-1
5985,5975,66393.6796875,1
5986,5985,65655.8828125,-1
5991,5989,65326.07421875,1
5998,5993,64101.27734375,-1
6057,6051,68857.109375,1
6059,6058,67797.484375,-1
6061,6059,68589.890625,1
6062,6061,67808.6796875,-1
6066,6063,67986.4765625,1
6072,6070,67371.6640625,-1
6100,6096,69605.0,1
6103,6102,66923.515625,-1
6109,6104,67265.296875,1
6112,6111,66199.609375,-1
6123,6116,66751.140625,1
6125,6124,65786.75,-1
6153,6148,66338.046875,1
6155,6154,64549.6015625,-1
6159,6155,64697.71484375,1
6163,6162,63701.34375,-1
6172,6169,64622.00390625,1
6175,6174,62865.71484375,-1
6184,6180,64957.58984375,1
6188,6187,64108.59375,-1
6196,6192,64605.75390625,1
6197,6196,63092.44140625,-1
6202,6198,63049.6796875,1
6205,6204,61307.515625,-1
6221,6219,61880.33203125,1
6225,6224,60207.5625,-1
6244,6242,60848.265625,1
6248,6247,57856.3828125,-1
6253,6249,58851.24609375,1
6256,6255,54394.26171875,-1
6259,6256,54056.43359375,1
6261,6260,51591.79296875,-1
6264,6261,52405.8671875,1
6267,6266,49813.3671875,-1
6272,6269,54134.64453125,1
6273,6272,53115.1328125,-1
6286,6279,55718.86328125,1
6287,6286,55087.609375,-1
6315,6311,57327.23046875,1
6322,6321,54767.0859375,-1
6351,6348,61741.328125,1
6356,6354,60819.40234375,-1
6365,6356,60798.2265625,1
6366,6365,59837.37890625,-1
6409,6405,61191.86328125,1
6419,6418,58548.4375,-1
6440,6437,59623.01953125,1
6441,6440,58542.28125,-1
6454,6446,59555.203125,1
6457,6456,58699.5625,-1
6468,6462,61007.02734375,1
6472,6471,60580.6640625,-1
6483,6481,60942.62890625,1
6494,6493,58712.96875,-1
6511,6509,59481.85546875,1
6515,6514,56632.9296875,-1
6539,6536,59472.11328125,1
6542,6541,58897.42578125,-1
6587,6577,59908.7421875,1
6591,6590,58380.109375,-1
6599,6592,58595.87109375,1
6600,6599,58040.0390625,-1
6628,6619,60995.140625,1
6631,6630,58815.78125,-1
6664,6659,61235.46484375,1
6665,6664,60188.30078125,-1
6675,6672,61166.71875,1
6681,6679,60172.51171875,-1
6763,6755,64337.796875,1
6767,6765,63652.1875,-1
6778,6768,63775.7734375,1
6783,6782,62727.78125,-1
6791,6786,63052.24609375,1
6799,6798,61573.8046875,-1
6803,6799,61916.04296875,1
6808,6806,59132.20703125,-1
6820,6817,59905.36328125,1
6824,6823,58653.66015625,-1
6848,6844,60816.8828125,1
6849,6848,59178.6484375,-1
6857,6850,59459.4296875,1
6860,6859,58779.109375,-1
6868,6863,59447.1484375,1
6870,6869,58088.8515625,-1
6902,6882,59234.78125,1
6908,6907,57985.92578125,-1
6924,6921,58395.38671875,1
6925,6924,57281.64453125,-1
6958,6951,59317.92578125,1
6959,6958,58780.375,-1
6963,6961,59052.41796875,1
6966,6964,57649.53125,-1
6974,6969,58048.6484375,1
6980,6979,56247.2421875,-1
7000,6989,58135.671875,1
7005,7004,56907.734375,-1
7012,7005,56966.21875,1
7014,7013,56003.1171875,-1
7017,7015,56522.75390625,1
7021,7017,56017.796875,-1
7029,7025,56575.296875,1
7031,7030,55748.41796875,-1
7036,7034,55981.3515625,1
7041,7040,53398.09375,-1
7066,7060,54615.71484375,1
7070,7067,53940.9921875,-1
7084,7080,54522.34375,1
7086,7085,53692.28515625,-1
7119,7115,57228.47265625,1
7122,7121,56546.1796875,-1
7143,7137,57611.32421875,1
7148,7147,56250.17578125,-1
7155,7152,56510.88671875,1
7156,7155,55754.484375,-1
7178,7169,58179.078125,1
7182,7181,57498.22265625,-1
7219,7214,60453.63671875,1
7233,7225,59734.7109375,-1
7258,7252,60215.875,1
7265,7264,58261.83203125,-1
7275,7269,58852.77734375,1
7277,7276,57594.62109375,-1
7305,7301,60772.0078125,1
7306,7305,59982.42578125,-1
7319,7316,60353.19140625,1
7320,7319,59665.32421875,-1
7354,7351,63530.6796875,1
7359,7358,62773.2578125,-1
7370,7361,63751.57421875,1
7372,7371,62829.48046875,-1
7415,7399,63259.95703125,1
7422,7419,62616.515625,-1
7437,7432,63935.953125,1
7444,7443,63174.90234375,-1
7484,7479,64302.6171875,1
7492,7488,63622.890625,-1
7502,7492,63483.046875,1
7503,7502,62931.53515625,-1
7558,7540,66046.8671875,1
7572,7566,65539.96875,-1
7599,7575,65833.203125,1
7609,7607,63603.4453125,-1
7623,7610,63879.81640625,1
7625,7624,63384.66015625,-1
7635,7628,63918.3828125,1
7643,7642,60790.375,-1
7656,7648,61681.6015625,1
7659,7658,60802.359375,-1
7664,7661,61821.23828125,1
7666,7665,60175.875,-1
7677,7673,61285.125,1
7679,7678,60347.88671875,-1
7720,7712,62288.109375,1
7722,7720,61807.21484375,-1
7736,7727,62214.90234375,1
7739,7738,61721.21875,-1
7775,7766,63662.83203125,1
7779,7778,62861.44921875,-1
7788,7780,63577.40625,1
7790,7789,62227.6640625,-1
7812,7793,62566.984375,1
7814,7813,62122.8359375,-1
7826,7819,62391.828125,1
7828,7827,61769.734375,-1
7832,7828,61746.85546875,1
7835,7834,60394.44921875,-1
7854,7848,60998.56640625,1
7857,7856,59424.828125,-1
7888,7881,62925.62890625,1
7895,7888,62536.9375,-1
7913,7908,63165.92578125,1
7926,7925,62215.28515625,-1
7961,7956,66025.3515625,1
7964,7963,65322.7109375,-1
8010,7999,67801.5078125,1
8014,8012,67116.109375,-1
8064,8046,68656.65625,1
8075,8070,68039.8984375,-1
8109,8102,69085.9453125,1
8118,8116,67236.921875,-1
8134,8122,67671.125,1
8136,8134,66897.8828125,-1
8156,8147,67454.3515625,1
8162,8161,66347.140625,-1
8166,8163,66426.078125,1
8168,8167,65626.9609375,-1
8182,8178,67287.640625,1
8184,8183,66810.171875,-1
8203,8195,68153.8671875,1
8207,8205,67460.25,-1
8213,8211,68205.3125,1
8218,8217,66721.3828125,-1
8321,8311,72688.921875,1
8331,8330,71821.5625,-1
8355,8340,72331.765625,1
8359,8358,70350.8203125,-1
8367,8364,70241.578125,1
8375,8372,69186.578125,-1
8381,8379,70941.2421875,1
8382,8381,69364.046875,-1
8414,8396,69654.328125,1
8417,8416,68149.8515625,-1
8451,8440,69021.03125,1
8453,8452,68358.875,-1
8481,8478,69977.390625,1
8482,8481,69018.0,-1
8493,8491,74298.21875,1
8494,8493,73410.7421875,-1
8513,8506,75766.703125,1
8518,8514,74775.4140625,-1
8531,8529,76409.203125,1
8533,8532,75870.09375,-1
8559,8552,76903.7734375,1
8563,8559,76350.03125,-1
8601,8599,80443.296875,1
8603,8602,79004.671875,-1
8639,8636,89142.8046875,1
8641,8640,86847.4609375,-1
8655,8649,88827.390625,1
8661,8660,86582.65625,-1
8673,8671,92248.828125,1
8676,8675,88626.828125,-1
8692,8689,91135.46875,1
8694,8693,87948.4140625,-1
8698,8696,89240.3046875,1
8699,8698,87597.1484375,-1
8716,8713,89679.9140625,1
8718,8717,88442.03125,-1
8748,8734,91266.5625,1
8749,8748,90369.875,-1
8764,8759,91026.953125,1
8772,8771,89141.9375,-1
8785,8783,91719.3359375,1
8788,8787,89501.9375,-1
8792,8789,91236.0078125,1
8793,8792,90432.5546875,-1
8819,8816,93257.09375,1
8821,8820,91849.6640625,-1
8860,8856,97747.2734375,1
8862,8861,96698.8359375,-1
8883,8876,98986.3671875,1
8885,8884,97319.5234375,-1
8902,8888,99134.09375,1
8914,8913,97619.2578125,-1
8929,8924,98300.8125,1
8936,8935,95888.9296875,-1
8955,8951,98318.6796875,1
8957,8956,95403.671875,-1
8960,8957,95751.328125,1
8962,8961,94688.2109375,-1
8973,8971,94530.5390625,1
8975,8974,93145.34375,-1
8984,8982,93546.03125,1
8987,8986,91035.0546875,-1
9016,9009,96485.0703125,1
9025,9024,94994.609375,-1
9045,9040,96503.3125,1
9046,9045,95639.109375,-1
9062,9053,97904.6640625,1
9066,9063,96506.7265625,-1
9087,9080,96924.640625,1
9089,9088,95846.953125,-1
9113,9111,97579.8125,1
9122,9120,94986.3046875,-1
9131,9125,96106.1171875,1
9133,9132,95411.2109375,-1
9144,9136,95944.2734375,1
9148,9147,93645.6328125,-1
9170,9166,96769.0625,1
9172,9171,95716.1953125,-1
9197,9194,102821.9453125,1
9205,9204,96772.3359375,-1
9227,9224,101406.2734375,1
9230,9229,99869.9765625,-1
9235,9231,100043.6640625,1
9238,9235,99271.8515625,-1
9262,9249,100174.3515625,1
9264,9263,98953.6484375,-1
9280,9276,100175.8984375,1
9285,9284,99089.265625,-1
9293,9285,98909.15625,1
9299,9298,96220.375,-1
9304,9302,97603.7578125,1
9307,9304,96773.4921875,-1
9317,9312,97513.6484375,1
9318,9317,95701.6171875,-1
9355,9347,101247.515625,1
9358,9357,100514.171875,-1
9368,9365,101539.3046875,1
9370,9369,99504.2890625,-1
9410,9400,102053.3515625,1
9412,9411,101162.1171875,-1
9457,9451,104973.3359375,1
9459,9458,103608.1640625,-1
9466,9463,106919.078125,1
9470,9468,105773.9140625,-1
9491,9478,107158.2265625,1
9500,9499,103549.2734375,-1
9513,9505,104711.75,1
9515,9514,100753.3515625,-1
9532,9528,102182.4296875,1
9539,9538,96265.078125,-1
9550,9540,97424.3984375,1
9554,9553,92572.828125,-1
9578,9572,98496.2265625,1
9579,9578,97115.84375,-1
9594,9583,97273.4921875,1
9595,9594,96064.6484375,-1
9604,9600,96940.8828125,1
9605,9604,95276.359375,-1
9614,9606,95432.3203125,1
9616,9614,94313.3046875,-1
9628,9623,95900.1640625,1
9630,9629,93125.703125,-1
9647,9636,94590.03125,1
9650,9648,93835.2578125,-1
9690,9685,98939.6953125,1
9696,9695,95337.25,-1
9724,9721,96539.625,1
9727,9726,94001.765625,-1
9773,9756,94983.234375,1
9781,9780,93044.1484375,-1
9795,9793,93601.7265625,1
9797,9796,91530.390625,-1
9803,9801,94189.796875,1
9804,9803,91951.1953125,-1
9822,9819,95359.265625,1
9829,9828,93308.2421875,-1
9883,9872,97223.734375,1
9886,9885,96042.515625,-1
9909,9895,98500.7734375,1
9919,9910,97652.171875,-1
9934,9921,98335.3046875,1
9939,9936,97615.5703125,-1
9983,9972,102057.421875,1
9993,9992,96411.046875,-1
10003,9995,96834.7421875,1
10004,10003,95263.8125,-1
10013,10005,95549.515625,1
10015,10014,94027.75,-1
10024,10021,94951.859375,1
10025,10024,93990.734375,-1
10028,10025,94253.984375,1
10030,10029,92974.6015625,-1
10034,10031,93307.984375,1
10035,10034,91900.65625,-1
10038,10036,93851.25,1
10039,10038,92659.328125,-1
10060,10054,94794.5390625,1
10062,10061,93638.6796875,-1
10101,10064,94683.4140625,1
10104,10102,93852.15625,-1
10114,10109,94976.3828125,1
10116,10115,94055.7109375,-1
10123,10116,94445.671875,1
10130,10129,90663.9453125,-1
10197,10189,99864.015625,1
10204,10203,97421.203125,-1
10240,10231,104844.671875,1
10243,10242,102802.796875,-1
10282,10280,105494.484375,1
10286,10285,99821.953125,-1
10300,10295,107747.59375,1
10301,10300,104951.78125,-1
10308,10304,103325.28125,1
10310,10309,101040.765625,-1
10336,10327,106389.25,1
10344,10342,104961.046875,-1
10348,10344,105040.6875,1
10350,10349,103731.0078125,-1
10357,10352,104082.1875,1
10362,10361,101926.875,-1
10377,10374,105202.46875,1
10378,10377,103092.6015625,-1
10401,10398,106161.6484375,1
10407,10405,104416.640625,-1
10451,10447,105032.5546875,1
10461,10459,98934.3984375,-1
10469,10467,100954.7578125,1
10472,10471,99121.1171875,-1
10497,10481,102847.6640625,1
10499,10498,100265.703125,-1
10516,10508,102666.421875,1
10517,10516,101931.6484375,-1
10548,10540,105586.6328125,1
10554,10553,103997.4765625,-1
10567,10564,104807.1015625,1
10570,10569,101644.7109375,-1
10582,10573,102455.3046875,1
10584,10583,101620.9140625,-1
10594,10590,101987.3203125,1
10597,10596,100624.8984375,-1
10600,10597,101174.7109375,1
10601,10600,99199.71875,-1
10607,10602,100122.1953125,1
10610,10609,98153.0078125,-1
10614,10611,98828.046875,1
10616,10615,96891.328125,-1
10621,10616,97661.8203125,1
10623,10622,93335.4609375,-1
10647,10642,101629.8828125,1
10651,10650,98994.765625,-1
10665,10657,99167.203125,1
10667,10666,96524.609375,-1
10686,10682,98219.3828125,1
10688,10687,96728.625,-1
10707,10702,98674.0234375,1
10713,10712,95927.078125,-1
10733,10730,98757.9140625,1
10739,10737,95765.421875,-1
10751,10743,96602.3359375,1
10757,10756,95820.09375,-1
10777,10772,97113.5625,1
10779,10778,95814.5078125,-1
10790,10788,96488.453125,1
10791,10790,95574.265625,-1
10826,10819,98307.0078125,1
10827,10826,96673.2109375,-1
10830,10827,96730.421875,1
10833,10832,95061.90625,-1
10850,10848,96087.8203125,1
10851,10850,94817.4609375,-1
10865,10861,97769.765625,1
10878,10877,95422.03125,-1
10905,10902,98268.0234375,1
10909,10907,97132.53125,-1
10946,10921,97683.6015625,1
10958,10956,96092.5078125,-1
10973,10970,96403.953125,1
10976,10975,95328.78125,-1
10988,10983,96046.2265625,1
10990,10989,95209.140625,-1
10996,10993,96132.7890625,1
11000,10998,93827.203125,-1
11070,11065,98844.078125,1
11074,11073,94939.2109375,-1
11113,11098,96617.09375,1
11123,11116,95450.5625,-1
11128,11124,96188.2109375,1
11130,11129,95293.2578125,-1
11139,11131,95723.5078125,1
11141,11140,94301.5703125,-1
11147,11141,94370.703125,1
11149,11148,91496.140625,-1
11155,11151,91973.9375,1
11160,11159,88137.5,-1
11163,11160,88905.3671875,1
11164,11163,87003.078125,-1
11185,11182,88848.34375,1
11187,11186,87072.828125,-1
11190,11187,87374.875,1
11193,11192,83783.140625,-1
11211,11207,86373.1015625,1
11212,11211,84909.34375,-1
11216,11214,84440.21875,1
11218,11217,83392.7734375,-1
11222,11219,84366.4140625,1
11230,11229,78900.1171875,-1
11251,11249,85599.203125,1
11253,11252,84719.984375,-1
11293,11291,94024.0859375,1
11297,11296,92711.625,-1
11300,11297,92817.40625,1
11302,11301,91424.125,-1
11307,11305,92888.796875,1
11308,11307,89251.515625,-1
11311,11309,89933.1015625,1
11313,11312,85509.328125,-1
11318,11315,85961.734375,1
11319,11318,83301.390625,-1
11331,11327,83699.625,1
11333,11332,82918.7734375,-1
11355,11352,89939.6875,1
11357,11356,88260.9140625,-1
11372,11369,92162.6328125,1
11375,11374,90728.7265625,-1
11377,11375,91008.4765625,1
11379,11378,89484.1953125,-1
11381,11379,89721.0,1
11384,11383,88401.6171875,-1
11389,11387,89960.765625,1
11390,11389,85383.765625,-1
11405,11401,89047.3359375,1
11406,11405,87192.9296875,-1
11409,11406,87655.828125,1
11411,11410,86304.8671875,-1
11423,11412,86542.90625,1
11425,11424,85926.3671875,-1
11446,11427,86224.375,1
11455,11454,82440.6484375,-1
11458,11456,82606.859375,1
11460,11459,80530.8828125,-1
11474,11472,82658.0078125,1
11480,11479,77814.1484375,-1
11498,11495,81475.9921875,1
11500,11499,79827.59375,-1
11511,11506,83012.2890625,1
11516,11515,81390.6875,-1
11523,11520,82867.5234375,1
11524,11523,81532.859375,-1
11538,11534,83776.1796875,1
11542,11541,82985.9609375,-1
11546,11542,83020.0625,1
11547,11546,81606.4609375,-1
11588,11575,84483.1796875,1
11593,11588,83862.0703125,-1
11615,11602,84341.96875,1
11617,11616,82408.6484375,-1
11625,11622,83656.34375,1
11628,11627,82141.4375,-1
11653,11647,84334.8046875,1
11660,11659,82453.46875,-1
11665,11660,83063.640625,1
11667,11666,81373.0234375,-1
11711,11699,86224.4140625,1
11713,11711,85210.59375,-1
11716,11714,85508.1328125,1
11718,11717,83760.6875,-1
11737,11726,84479.25,1
11738,11737,83447.1328125,-1
11819,11814,88187.421875,1
11829,11828,86463.0703125,-1
11847,11840,87867.6640625,1
11849,11848,87129.5234375,-1
11858,11855,88014.9609375,1
11864,11863,86217.6953125,-1
11881,11871,87494.6640625,1
11883,11882,86380.765625,-1
11896,11890,87317.0078125,1
11905,11903,84925.703125,-1
11907,11905,84922.453125,1
11914,11912,83733.7421875,-1
11923,11916,84335.7265625,1
11929,11928,82247.03125,-1
11956,11949,83273.1328125,1
11958,11957,82280.7890625,-1
11967,11959,82528.140625,1
11969,11968,81506.890625,-1
11984,11979,83445.890625,1
11990,11987,82388.7109375,-1
12016,12009,85168.796875,1
12020,12018,84104.1015625,-1
12033,12028,86610.2421875,1
12037,12036,82510.796875,-1
12048,12044,83520.9609375,1
12052,12051,81520.6953125,-1
12071,12069,84152.9609375,1
12073,12071,82658.6796875,-1
12091,12082,83997.1953125,1
12102,12100,82588.0703125,-1
12116,12108,83418.15625,1
12123,12122,82262.3203125,-1
12125,12123,82396.890625,1
12128,12127,79002.25,-1
12135,12129,78805.4375,1
12140,12139,74727.2265625,-1
12164,12158,79891.25,1
12167,12166,78906.515625,-1
12171,12168,79613.2265625,1
12185,12184,75322.1015625,-1
12205,12202,82979.828125,1
12210,12208,81787.625,-1
12219,12210,81853.7890625,1
12221,12220,78699.6171875,-1
12254,12248,83690.734375,1
12256,12255,82817.3671875,-1
12281,12274,85324.3515625,1
12285,12284,84401.25,-1
12290,12286,84516.328125,1
12291,12290,83541.3125,-1
12297,12294,84526.78125,1
12300,12299,83306.1796875,-1
12340,12332,85695.6875,1
12350,12349,83145.7109375,-1
12372,12364,84729.046875,1
12373,12372,84028.8828125,-1
12405,12390,85070.609375,1
12423,12412,84365.1171875,-1
12452,12434,85349.9921875,1
12458,12456,84131.7265625,-1
12485,12483,87915.1015625,1
12487,12486,86755.734375,-1
12531,12525,93950.1796875,1
12532,12531,92970.296875,-1
12544,12534,93666.6171875,1
12550,12549,92046.375,-1
12597,12583,94974.3828125,1
12610,12609,94146.0703125,-1
12617,12612,94634.1875,1
12630,12625,93781.046875,-1
12636,12632,94305.203125,1
12639,12638,92962.8671875,-1
12651,12648,95123.1875,1
12654,12653,93775.1171875,-1
12682,12679,95266.8515625,1
12686,12683,94190.4296875,-1
12698,12695,94962.328125,1
12699,12698,93076.7421875,-1
12754,12748,97365.796875,1
12770,12767,95929.296875,-1
12789,12771,96360.21875,1
12808,12806,93925.046875,-1
12819,12810,94582.8671875,1
12821,12820,93751.25,-1
12839,12826,94753.265625,1
12842,12840,93766.890625,-1
12855,12853,97220.3125,1
12859,12858,96374.7890625,-1
12987,12960,104545.453125,1
12989,12988,102509.984375,-1
12991,12989,102569.453125,1
12992,12991,101665.6796875,-1
12999,12995,102845.4140625,1
13001,13000,101711.2109375,-1
13022,13016,104505.4375,1
13030,13029,103240.2890625,-1
13046,13032,103916.7265625,1
13056,13055,101825.0625,-1
13093,13071,104033.7421875,1
13095,13094,102851.546875,-1
13136,13132,105181.0,1
13137,13136,103938.015625,-1
13143,13139,105538.1640625,1
13148,13147,102230.015625,-1
13172,13169,106108.6171875,1
13179,13178,104459.1953125,-1
13196,13194,107370.0234375,1
13200,13198,106233.625,-1
13206,13204,108768.5078125,1
13207,13206,106599.0234375,-1
13242,13236,111424.8046875,1
13245,13243,110499.703125,-1
13248,13245,110896.65625,1
13250,13249,108413.2578125,-1
13256,13250,109566.0703125,1
13262,13260,107334.59375,-1
13283,13271,109102.0546875,1
13286,13285,107426.5859375,-1
13293,13289,108001.4609375,1
13296,13295,106978.171875,-1
13327,13315,109813.15625,1
13330,13327,109114.0,-1
13334,13330,109215.8828125,1
13336,13335,108320.9765625,-1
13354,13348,110033.984375,1
13373,13372,107139.46875,-1
13394,13391,108728.6015625,1
13401,13400,105730.46875,-1
13412,13401,106154.75,1
13413,13412,105030.484375,-1
13421,13415,105755.03125,1
13422,13421,103867.3046875,-1
13430,13425,104602.984375,1
13432,13431,103220.765625,-1
13462,13449,104713.125,1
13466,13463,103941.328125,-1
13481,13475,105535.5625,1
13483,13481,104781.6953125,-1
13486,13484,105327.0546875,1
13491,13490,103823.296875,-1
13504,13501,106208.0859375,1
13514,13509,105144.6796875,-1
13521,13515,106463.4921875,1
13533,13531,105377.859375,-1
13538,13534,105710.3671875,1
13539,13538,104797.6015625,-1
13564,13540,105155.1328125,1
13570,13569,100501.6953125,-1
13649,13639,106248.4609375,1
13652,13650,105475.234375,-1
13682,13668,109959.78125,1
13684,13683,108657.8359375,-1
13710,13692,109818.015625,1
13730,13728,106926.4140625,-1
13736,13733,107729.328125,1
13744,13743,103718.7421875,-1
13771,13764,105799.9140625,1
13783,13781,104496.6953125,-1
13809,13803,105582.1953125,1
13810,13809,104732.96875,-1
13835,13832,108560.9140625,1
13837,13836,106798.671875,-1
13844,13839,107413.1953125,1
13854,13853,103622.2734375,-1
13870,13865,105410.59375,1
13872,13871,104297.84375,-1
13923,13920,105942.71875,1
13928,13927,103179.015625,-1
13951,13942,103827.1796875,1
13953,13952,102283.765625,-1
13970,13962,102746.671875,1
13973,13972,98947.078125,-1
14065,14055,107856.9140625,1
14070,14066,106986.796875,-1
14141,14135,108147.4296875,1
14146,14145,107341.421875,-1
14155,14150,108498.96875,1
14164,14163,106823.1015625,-1
14177,14168,107562.65625,1
14186,14185,106460.5390625,-1
14223,14215,109391.3671875,1
14225,14224,108699.109375,-1
14249,14240,109821.46875,1
14266,14264,107494.0859375,-1
14327,14319,109393.1640625,1
14340,14337,107909.0625,-1
14499,14492,122311.7890625,1
14501,14500,119819.453125,-1
14510,14506,119975.0390625,1
14520,14517,116742.1171875,-1
14558,14553,119434.3125,1
14562,14560,118141.6796875,-1
14588,14585,120349.8359375,1
14591,14589,118696.71875,-1
14595,14592,119218.6796875,1
14602,14599,117372.09375,-1
14651,14644,118503.0234375,1
14654,14652,117214.59375,-1
14664,14659,119183.859375,1
14665,14664,118198.078125,-1
14671,14666,118567.09375,1
14673,14672,116762.4375,-1
14703,14699,119882.9453125,1
14712,14710,118105.0625,-1
14729,14725,118924.265625,1
14732,14731,117586.890625,-1
14749,14742,119073.21875,1
14753,14752,115443.671875,-1
14831,14826,119468.5,1
14841,14838,117665.84375,-1
14859,14852,118816.5546875,1
14861,14860,117395.640625,-1
14887,14875,118111.359375,1
14888,14887,116405.625,-1
14910,14899,118624.3828125,1
14919,14918,115335.5703125,-1
14933,14919,115619.8984375,1
14937,14936,113243.1328125,-1
14956,14945,113841.90625,1
14961,14960,112216.15625,-1
15016,15005,115186.6640625,1
15021,15020,113966.96875,-1
15027,15023,114749.8515625,1
15029,15028,112893.3046875,-1
15063,15054,115344.3828125,1
15068,15065,114371.9140625,-1
15090,15083,117344.578125,1
15098,15097,116559.890625,-1
15125,15118,117426.2578125,1
15134,15132,116485.6953125,-1
15166,15162,121982.5859375,1
15170,15169,119592.1015625,-1
15176,15172,119969.0859375,1
15192,15191,118445.1328125,-1
15234,15229,123414.03125,1
15251,15245,117883.328125,-1
15266,15260,118993.6171875,1
15274,15272,116988.03125,-1
15324,15311,118338.7109375,1
15337,15336,115016.4296875,-1
15351,15346,116543.3125,1
15353,15352,114851.71875,-1
15363,15359,115515.34375,1
15374,15372,112852.109375,-1
15405,15394,114233.0625,1
15410,15409,113066.4375,-1
15447,15441,116828.40625,1
15464,15459,114596.171875,-1
15482,15468,115288.7734375,1
15486,15485,114234.453125,-1
15488,15486,114283.4609375,1
15489,15488,112441.1015625,-1
15498,15491,113387.09375,1
15504,15503,110972.6328125,-1
15512,15510,112273.4296875,1
15514,15513,109620.015625,-1
15547,15539,111769.828125,1
15551,15549,110738.5390625,-1
15584,15571,113093.859375,1
15587,15585,111915.5234375,-1
15593,15587,112344.203125,1
15600,15597,109630.3515625,-1
15602,15600,110098.5625,1
15604,15603,108178.3359375,-1
15646,15638,109208.8359375,1
15652,15649,108378.109375,-1
15660,15654,108968.3515625,1
15666,15665,107403.703125,-1
15671,15669,109543.7890625,1
15672,15671,108536.140625,-1
15682,15679,109181.90625,1
15683,15682,107789.4296875,-1
15736,15728,112110.9765625,1
15742,15739,110432.640625,-1
15747,15742,110687.796875,1
15750,15749,109432.703125,-1
15771,15769,112829.0625,1
15774,15771,110558.9453125,-1
15790,15776,111362.9921875,1
15806,15800,110056.1484375,-1
15853,15843,112537.984375,1
15856,15855,111328.078125,-1
15867,15861,112909.7578125,1
15872,15868,110893.046875,-1
15965,15943,116345.7109375,1
15968,15965,115384.9921875,-1
15996,15982,115990.265625,1
16000,15997,115090.1484375,-1
16005,16002,116113.703125,1
16014,16010,114663.7734375,-1
16055,16051,117178.8125,1
16061,16059,115645.0703125,-1
16098,16084,117581.7109375,1
16116,16112,115175.921875,-1
16164,16131,116021.6171875,1
16175,16174,112426.1796875,-1
16206,16196,113025.890625,1
16210,16208,111676.875,-1
16239,16229,113678.5390625,1
16245,16243,111553.734375,-1
16253,16245,111629.6640625,1
16255,16254,108859.0,-1
16364,16358,114442.0078125,1
16369,16366,112822.703125,-1
16469,16444,122564.96875,1
16473,16471,121654.3046875,-1
16486,16481,124912.828125,1
16493,16492,122840.3515625,-1
16527,16519,125336.8359375,1
16534,16532,123715.4296875,-1
16539,16536,124465.71875,1
16544,16543,120938.1875,-1
16574,16566,123515.9609375,1
16576,16575,121650.609375,-1
16587,16584,122780.203125,1
16590,16589,119892.359375,-1
16611,16596,121696.40625,1
16623,16622,111256.3671875,-1
16628,16625,112168.8671875,1
16629,16628,110451.0078125,-1
16640,16632,112175.4140625,1
16642,16641,110412.15625,-1
16683,16676,115271.1484375,1
16684,16683,114271.984375,-1
16693,16689,115678.5390625,1
16704,16703,110722.8203125,-1
16720,16715,113112.265625,1
16721,16720,112084.0703125,-1
16729,16724,112617.3046875,1
16734,16733,110768.28125,-1
16748,16743,111498.2890625,1
16749,16748,110658.0859375,-1
16755,16752,111417.0,1
16757,16756,108400.109375,-1
16771,16767,108946.328125,1
16775,16774,104606.5078125,-1
16837,16830,109120.171875,1
16839,16838,108049.21875,-1
16860,16851,111149.234375,1
16867,16866,107578.0703125,-1
16879,16876,112841.3984375,1
16886,16885,108065.5390625,-1
16905,16886,108311.5,1
16907,16906,107178.5078125,-1
16929,16926,110357.1484375,1
16930,16929,109570.0859375,-1
16947,16938,111198.8671875,1
16950,16948,110065.1015625,-1
17024,17011,115500.515625,1
17035,17034,113619.484375,-1
17048,17045,115286.1484375,1
17057,17053,112518.09375,-1
17067,17059,113271.375,1
17070,17069,111141.5859375,-1
17076,17073,111407.7890625,1
17077,17076,110066.0,-1
17087,17084,110735.484375,1
17097,17096,106510.9609375,-1
17117,17115,110133.03125,1
17118,17117,108605.5546875,-1
17164,17160,110709.3359375,1
17172,17171,109837.1953125,-1
17175,17172,109835.9921875,1
17184,17183,106909.953125,-1
17188,17184,107743.4296875,1
17189,17188,105724.4609375,-1
17202,17190,106819.5546875,1
17203,17202,104225.2109375,-1
17212,17203,104330.1640625,1
17219,17218,100252.7109375,-1
17252,17239,104011.984375,1
17258,17257,102612.5546875,-1
17264,17258,102043.2421875,1
17266,17265,100860.140625,-1
17277,17273,101973.1640625,1
17282,17281,99573.078125,-1
17293,17290,103698.5234375,1
17294,17293,102617.6953125,-1
17304,17294,102728.140625,1
17310,17308,101678.3046875,-1
17355,17347,106214.484375,1
17357,17355,104893.6796875,-1
17369,17367,106399.75,1
17373,17372,104765.2265625,-1
17378,17375,105120.203125,1
17388,17386,102698.890625,-1
17403,17400,104842.2421875,1
17409,17408,101269.5234375,-1
17428,17420,103382.9765625,1
17434,17433,98051.3515625,-1
17441,17435,99583.7578125,1
17451,17450,95106.296875,-1
17455,17452,96302.703125,1
17456,17455,95020.125,-1
17481,17475,96100.3359375,1
17486,17482,95204.7890625,-1
